T,gap_mip_medio,desvio_grasp_medio,desvio_grasp_pct_medio,tempo_mip_medio,tempo_grasp_medio,n_instancias
50,1.1237022385269102e-05,0.011182476346270873,1.118247634627087,0.008808122490936812,3.577434148428575,53
100,1.66262900070244e-05,0.006353745832388067,0.6353745832388066,0.020347846878899414,27.770637035369873,54
200,4.1382917635533204e-05,0.006614173280674252,0.6614173280674251,0.04809414423429045,224.52208164105048,52
500,4.051253763893748e-05,0.008084351246527937,0.8084351246527937,0.1318568256166246,1667.8661063600468,54
