tempo_seg,custo
0.000203178955078125,962753.0
9.56428074836731,894543.0
58.34876823425293,894496.0
168.27738785743713,894263.0
