tempo_seg,custo
0.0002050863037109375,919950.0
10.999282598495483,847996.0
32.631473541259766,847955.0
129.67258477210999,847729.0
194.35132575035095,847333.0
910.7314620018005,847303.0
