tempo_seg,custo
0.0002043710479736328,934404.0
10.76753830909729,866443.0
21.37169647216797,866252.0
31.558330535888672,865788.0
291.70413517951965,865745.0
