tempo_seg,custo
0.0001993642578125,946586.0
9.008782625198364,886944.0
17.8224356174469,886616.0
64.46828770637512,886520.0
101.76073384284973,885166.0
