tempo_seg,custo
0.000203178955078125,884750.0
11.18334150314331,814781.0
32.56920337677002,814453.0
43.04191756248474,813455.0
360.9136862754822,813417.0
917.9445719718933,813357.0
