tempo_seg,custo
0.00020580155944824218,906780.0
9.264465808868408,841027.0
18.72914171218872,840303.0
74.87378907203674,840081.0
522.9764976501465,839842.0
1095.211844921112,839793.0
1182.19819688797,839787.0
1437.5222625732422,839714.0
