tempo_seg,custo
0.00020222528076171875,951956.0
10.069624900817871,885720.0
19.638068675994873,884253.0
59.28485155105591,884143.0
147.05065727233887,884098.0
316.0994293689728,884025.0
