tempo_seg,custo
0.00020747048950195312,970173.0
10.95119023323059,906980.0
21.678774118423462,904994.0
935.4712543487549,904865.0
