tempo_seg,custo
0.00011615617370605468,361874.0
0.5111198425292969,347364.0
