tempo_seg,custo
0.0001223550567626953,364411.0
0.46547770500183105,349752.0
