tempo_seg,custo
0.00011615617370605468,356413.0
0.5591015815734863,340660.0
