tempo_seg,custo
0.00011782510375976562,367011.0
0.5104601383209229,355166.0
