tempo_seg,custo
0.00017862184143066406,365564.0
0.6230347156524658,355027.0
