tempo_seg,custo
0.00011615617370605468,350927.0
0.4669041633605957,337787.0
