tempo_seg,custo
0.00011710984802246093,357243.0
0.5990290641784668,340980.0
