tempo_seg,custo
0.0001223550567626953,363767.0
0.5503857135772705,347858.0
