tempo_seg,custo
6.728036499023437e-05,179183.0
0.12213730812072754,167054.0
0.23953485488891602,166272.0
