tempo_seg,custo
6.680352783203125e-05,175674.0
0.10302162170410156,158386.0
