tempo_seg,custo
6.799562072753906e-05,164810.0
0.09815216064453125,154830.0
0.19486594200134277,154589.0
0.5673904418945312,154241.0
