tempo_seg,custo
6.608827209472656e-05,186429.0
0.10138463973999023,170176.0
0.3149607181549072,169934.0
