tempo_seg,custo
7.777078247070312e-05,191730.0
0.10944104194641113,175407.0
0.1959528923034668,174373.0
0.8668613433837891,173751.0
