tempo_seg,custo
0.00010280473327636718,191418.0
0.11395859718322754,177992.0
