tempo_seg,custo
0.00011854035949707031,206090.0
0.15125226974487305,192397.0
0.45172595977783203,192085.0
