tempo_seg,custo
6.751878356933593e-05,176985.0
0.11828780174255371,166685.0
0.4933793544769287,165446.0
2.0149576663970947,165398.0
