tempo_seg,custo
0.00012020928955078125,184684.0
0.11978363990783691,172237.0
0.3604319095611572,171784.0
