tempo_seg,custo
0.00027685029602050784,958503.0
8.282286643981934,917911.0
16.576571226119995,917562.0
