tempo_seg,custo
0.00038032395935058596,999845.0
8.935259580612183,962717.0
26.314262866973877,962341.0
79.72318887710571,962071.0
