tempo_seg,custo
0.000275658203125,1009612.0
8.468263626098633,970477.0
16.74635624885559,970069.0
