tempo_seg,custo
0.00028304917907714846,983127.0
8.222134828567505,944436.0
63.22266149520874,943521.0
286.8856246471405,943455.0
466.48708415031433,943275.0
