tempo_seg,custo
0.00027112825012207034,948124.0
8.192732572555542,911350.0
16.820839166641235,911201.0
71.91472482681274,911176.0
79.90811610221863,910927.0
208.30412483215332,910839.0
408.16822957992554,910788.0
