tempo_seg,custo
0.00039176805114746096,981707.0
13.53823471069336,945926.0
27.288861751556396,945544.0
101.60314989089966,945466.0
142.05349922180176,945344.0
181.07259273529053,944962.0
