tempo_seg,custo
4.2723251342773435e-05,98782.0
0.018543243408203125,86167.0
