tempo_seg,custo
4.1769577026367185e-05,95087.0
0.030361652374267578,84668.0
0.05391979217529297,84326.0
