tempo_seg,custo
4.0815902709960935e-05,96174.0
0.01700568199157715,84010.0
0.03673052787780762,83456.0
