tempo_seg,custo
6.513459777832031e-05,90787.0
0.027345895767211914,80276.0
0.05628657341003418,80202.0
0.09029746055603027,79978.0
