tempo_seg,custo
7.037980651855468e-05,82436.0
0.02239990234375,73412.0
0.044660329818725586,72171.0
0.2802131175994873,72091.0
