tempo_seg,custo
4.391534423828125e-05,102405.0
0.02968764305114746,87959.0
