tempo_seg,custo
4.200799560546875e-05,90899.0
0.020228862762451172,81529.0
0.10802030563354492,81096.0
