tempo_seg,custo
6.77572021484375e-05,90627.0
0.02483510971069336,80334.0
0.05424785614013672,79843.0
0.20376253128051758,79650.0
0.22462224960327148,79365.0
2.1795074939727783,79159.0
