tempo_seg,custo
4.224641418457031e-05,90998.0
0.023370027542114258,81606.0
0.25873875617980957,81532.0
