tempo_seg,custo
4.153115844726562e-05,89353.0
0.01976609230041504,76841.0
