tempo_seg,custo
6.5849853515625e-05,166653.0
0.08275556564331055,158253.0
