tempo_seg,custo
6.656510925292968e-05,174612.0
0.05689525604248047,167664.0
