tempo_seg,custo
0.00011949403381347656,178640.0
0.08066177368164062,172013.0
