tempo_seg,custo
6.561143493652343e-05,180011.0
0.054926395416259766,175276.0
