tempo_seg,custo
6.561143493652343e-05,176185.0
0.06533503532409668,169761.0
