tempo_seg,custo
0.0001020894775390625,181616.0
0.08125448226928711,173745.0
