tempo_seg,custo
6.728036499023437e-05,182054.0
0.06793451309204102,175524.0
