tempo_seg,custo
0.00010113580322265625,179469.0
0.08657598495483398,175416.0
