tempo_seg,custo
6.704194641113281e-05,183614.0
0.07049989700317383,175395.0
