tempo_seg,custo
0.0002005563507080078,897140.0
18.306857347488403,793135.0
94.44549322128296,793026.0
113.43418526649475,792899.0
614.2372026443481,792768.0
