tempo_seg,custo
0.00020389421081542968,902192.0
16.12429928779602,782219.0
193.5838224887848,782102.0
427.94226002693176,781788.0
