tempo_seg,custo
0.0002024636993408203,908660.0
16.781052827835083,800678.0
34.92436408996582,800632.0
124.3143105506897,800606.0
160.12327647209167,800407.0
233.85726690292358,800309.0
411.8866114616394,799825.0
848.811625957489,799732.0
1733.36940741539,799648.0
