tempo_seg,custo
0.00020174844360351562,885213.0
17.860962629318237,769547.0
36.43766236305237,769329.0
