tempo_seg,custo
0.00020532472229003906,901412.0
18.625590801239014,793189.0
38.16465449333191,793130.0
91.58966159820557,792708.0
350.01837611198425,792683.0
524.4948647022247,792481.0
846.5309610366821,792319.0
