tempo_seg,custo
0.0002024636993408203,894942.0
19.001230478286743,788904.0
38.20173931121826,788836.0
92.4194540977478,788307.0
280.9500732421875,788076.0
1348.8301165103912,788035.0
