tempo_seg,custo
0.00020270211791992187,888695.0
17.437423944473267,770773.0
105.99385571479797,770117.0
375.0315363407135,769996.0
1166.1894967556,769982.0
1723.0132942199707,769879.0
