tempo_seg,custo
0.00020198686218261718,880297.0
18.963587999343872,762899.0
56.82589507102966,762894.0
