tempo_seg,custo
0.00020913941955566406,877479.0
18.435048818588257,768661.0
195.16235947608948,768583.0
1152.058263540268,768500.0
1321.564898967743,768424.0
