tempo_seg,custo
0.00020151002502441406,890528.0
18.467745304107666,773134.0
35.424437046051025,772875.0
52.938100814819336,772846.0
69.39746284484863,772714.0
118.11370348930359,772653.0
134.86020970344543,772538.0
150.44928336143494,772424.0
183.4533667564392,772105.0
250.67642402648926,771999.0
316.275151014328,771796.0
1143.015263080597,771643.0
