tempo_seg,custo
0.00019698007202148437,909068.0
12.862564086914062,846370.0
