tempo_seg,custo
0.0002890096435546875,912073.0
17.04362726211548,839133.0
34.40330481529236,839093.0
68.35179591178894,838966.0
