tempo_seg,custo
0.0002804265747070313,885398.0
18.40397357940674,806951.0
