tempo_seg,custo
0.0003877149353027344,908548.0
24.46537208557129,837072.0
