tempo_seg,custo
0.00021056993103027343,891251.0
13.40614938735962,821808.0
