tempo_seg,custo
0.00020985467529296875,889814.0
12.518436908721924,817298.0
