tempo_seg,custo
0.00020770890808105468,888950.0
11.453883647918701,826402.0
