tempo_seg,custo
0.00039629800415039065,884746.0
23.94054865837097,815118.0
