tempo_seg,custo
0.0002782808074951172,869315.0
17.235453605651855,800649.0
