tempo_seg,custo
0.00019984109497070312,890802.0
11.832142114639282,822073.0
