tempo_seg,custo
0.00011424882507324218,341992.0
1.3272747993469238,296135.0
16.629281520843506,296092.0
