tempo_seg,custo
0.00018577439880371093,372162.0
2.076322555541992,318480.0
4.147160530090332,318460.0
6.357565879821777,318356.0
