tempo_seg,custo
0.00011567933654785156,394888.0
1.316591739654541,352504.0
2.725579261779785,352333.0
13.959561347961426,352105.0
76.98282670974731,352072.0
122.83645486831665,352002.0
