tempo_seg,custo
0.00011472566223144531,359390.0
1.249873399734497,313436.0
2.064157724380493,312044.0
3.026777982711792,311932.0
43.06135964393616,311926.0
