tempo_seg,custo
7.133348083496093e-05,385451.0
1.1318516731262207,336387.0
2.410740375518799,334848.0
6.214918375015259,334569.0
13.464871644973755,334499.0
18.69372534751892,334493.0
87.35950660705566,334403.0
90.95762705802917,334209.0
179.99317002296448,334138.0
203.87856578826904,334032.0
