tempo_seg,custo
0.0001783834228515625,372764.0
1.4076123237609863,329635.0
4.20961856842041,329226.0
5.5487964153289795,329029.0
11.11762523651123,329027.0
