tempo_seg,custo
0.00011448724365234375,381542.0
1.3130555152893066,333782.0
2.787808656692505,333285.0
4.2839391231536865,333123.0
92.17147397994995,333091.0
