tempo_seg,custo
0.00011496408081054687,385973.0
1.1646397113800049,336893.0
2.5021634101867676,336621.0
3.6704928874969482,336271.0
13.645452499389648,335909.0
54.43110775947571,335802.0
127.57585120201111,335740.0
144.52793383598328,335689.0
