tempo_seg,custo
0.00011758668518066406,403081.0
1.2530570030212402,353264.0
2.564812183380127,352697.0
3.8142950534820557,351414.0
9.898640871047974,351317.0
12.254302024841309,351233.0
23.24977731704712,351104.0
31.841479539871216,350987.0
