tempo_seg,custo
0.0001230703125,372634.0
1.4707584381103516,328152.0
3.676839828491211,327461.0
13.300665855407715,327401.0
42.841442823410034,327343.0
65.73577070236206,327297.0
200.39700436592102,327266.0
