tempo_seg,custo
6.561143493652343e-05,180692.0
0.11606931686401367,164432.0
