tempo_seg,custo
0.00010256631469726562,181543.0
0.16220617294311523,164545.0
