tempo_seg,custo
6.656510925292968e-05,181697.0
0.12409353256225586,165105.0
