tempo_seg,custo
6.608827209472656e-05,180767.0
0.11977314949035645,165477.0
