tempo_seg,custo
6.537301635742187e-05,184140.0
0.13222455978393555,171535.0
