tempo_seg,custo
0.00011997087097167968,173886.0
0.22751426696777344,158137.0
