tempo_seg,custo
6.632669067382812e-05,178725.0
0.1815950870513916,164095.0
