tempo_seg,custo
6.489617919921875e-05,179584.0
0.13059711456298828,165678.0
