tempo_seg,custo
6.5849853515625e-05,177914.0
0.16176390647888184,163300.0
