tempo_seg,custo
9.851319885253906e-05,185513.0
0.19638419151306152,173277.0
0.5455787181854248,173258.0
