tempo_seg,custo
6.441934204101562e-05,195092.0
0.04168391227722168,186472.0
