tempo_seg,custo
6.561143493652343e-05,177268.0
0.08154845237731934,169048.0
0.3735339641571045,168856.0
