tempo_seg,custo
6.5849853515625e-05,186632.0
0.139876127243042,177670.0
