tempo_seg,custo
6.5849853515625e-05,184979.0
0.0672910213470459,176963.0
