tempo_seg,custo
6.275041198730468e-05,201348.0
0.05030679702758789,194220.0
0.7234396934509277,194098.0
