tempo_seg,custo
6.298883056640625e-05,214297.0
0.11997818946838379,207486.0
0.5058972835540771,207224.0
