tempo_seg,custo
7.753236389160156e-05,85318.0
0.014792203903198242,79918.0
