tempo_seg,custo
9.279115295410156e-05,89802.0
0.019086599349975586,84465.0
