tempo_seg,custo
8.754594421386718e-05,91071.0
0.013303041458129883,87968.0
