tempo_seg,custo
7.371766662597656e-05,92579.0
0.02914142608642578,89064.0
