tempo_seg,custo
7.872445678710937e-05,95818.0
0.0173337459564209,92232.0
