tempo_seg,custo
8.659226989746093e-05,88957.0
0.0179288387298584,83083.0
