tempo_seg,custo
9.851319885253906e-05,87102.0
0.02306056022644043,81242.0
