tempo_seg,custo
9.755952453613281e-05,91653.0
0.0221555233001709,86992.0
