tempo_seg,custo
7.586343383789062e-05,91925.0
0.018231630325317383,87430.0
