tempo_seg,custo
0.00013427598571777343,393511.0
0.5262331962585449,377925.0
1.0490326881408691,377822.0
1.56809663772583,377806.0
2.05037260055542,377774.0
2.5131757259368896,377746.0
34.62813186645508,377735.0
