tempo_seg,custo
0.00011687142944335937,397437.0
0.342698335647583,382497.0
3.0940651893615723,382232.0
