tempo_seg,custo
0.00011687142944335937,414202.0
0.4589686393737793,397204.0
0.9182970523834229,396981.0
