tempo_seg,custo
0.00011567933654785156,385657.0
0.6038968563079834,370035.0
