tempo_seg,custo
0.00011663301086425781,402829.0
0.5325672626495361,383579.0
