tempo_seg,custo
0.000126885009765625,383385.0
0.48992419242858887,367424.0
