tempo_seg,custo
8.897645568847656e-05,75155.0
0.015755653381347656,70971.0
