tempo_seg,custo
0.00010161264038085937,104535.0
0.013784408569335938,100805.0
