tempo_seg,custo
0.00010495050048828125,104821.0
0.01683330535888672,102042.0
