tempo_seg,custo
9.350640869140625e-05,101123.0
0.01579117774963379,95770.0
