tempo_seg,custo
6.632669067382812e-05,178106.0
0.18523478507995605,153579.0
0.3692004680633545,153528.0
