tempo_seg,custo
6.561143493652343e-05,189592.0
0.1983792781829834,164405.0
