tempo_seg,custo
7.133348083496093e-05,190718.0
0.22063565254211426,173576.0
0.39664459228515625,173403.0
