tempo_seg,custo
0.00010065896606445312,174986.0
0.26192426681518555,151272.0
0.8211629390716553,151189.0
2.1615824699401855,150919.0
