tempo_seg,custo
6.537301635742187e-05,189490.0
0.22946763038635254,167637.0
0.7096085548400879,167565.0
