tempo_seg,custo
0.00010018212890625,183452.0
0.4704768657684326,162224.0
1.4181008338928223,162082.0
