tempo_seg,custo
6.608827209472656e-05,178769.0
0.17875003814697266,156218.0
0.5433850288391113,155713.0
1.5516290664672852,155549.0
