tempo_seg,custo
6.656510925292968e-05,181911.0
0.17465734481811523,160715.0
2.137629985809326,160629.0
