tempo_seg,custo
6.680352783203125e-05,184606.0
0.1983346939086914,154837.0
