tempo_seg,custo
6.5849853515625e-05,172182.0
0.18998384475708008,147035.0
0.5845508575439453,146974.0
