tempo_seg,custo
0.00022392137145996093,908683.0
15.209208726882935,782783.0
32.39182257652283,782083.0
51.24144721031189,780892.0
105.40997529029846,779563.0
