tempo_seg,custo
0.0012424455413818359,928525.0
15.87287974357605,815089.0
84.46785283088684,814877.0
188.05048823356628,814205.0
536.567795753479,814194.0
552.5183193683624,813620.0
665.002712726593,813297.0
1083.0676491260529,813258.0
