tempo_seg,custo
0.00020079476928710937,921983.0
18.494964838027954,804113.0
52.893789291381836,802363.0
121.22401142120361,802200.0
138.44257283210754,800605.0
606.7457497119904,800326.0
1581.3059391975403,800203.0
