tempo_seg,custo
0.00020675523376464843,961036.0
18.27482032775879,845914.0
35.74815845489502,845724.0
214.59519505500793,845627.0
356.59104585647583,845284.0
527.4424591064453,845055.0
851.2657914161682,844979.0
1060.8406519889832,844775.0
