tempo_seg,custo
0.00020174844360351562,951955.0
16.224618196487427,833506.0
34.415509939193726,832443.0
67.9904956817627,829394.0
646.2427623271942,828733.0
