tempo_seg,custo
0.00019125802612304687,956195.0
17.77985906600952,825809.0
92.51980781555176,825740.0
240.2362504005432,825606.0
257.01394486427307,825458.0
495.01398229599,825281.0
541.9855432510376,825128.0
