tempo_seg,custo
0.00020580155944824218,931217.0
17.563976287841797,811442.0
54.15482783317566,810975.0
182.79715037345886,810491.0
248.48760318756104,809566.0
1037.6180891990662,809274.0
1263.7866656780243,808891.0
