tempo_seg,custo
0.00020794732666015625,895543.0
18.96872854232788,768285.0
36.89059615135193,767933.0
57.331671476364136,767671.0
186.7978904247284,767605.0
200.96178317070007,767372.0
229.4871382713318,766741.0
600.7122044563293,766678.0
803.9638307094574,766519.0
863.4047064781189,766409.0
878.566835641861,766204.0
907.7675552368164,765400.0
