tempo_seg,custo
0.00020103318786621093,939880.0
16.986064672470093,827406.0
33.78651690483093,826506.0
49.41421461105347,825221.0
490.66521167755127,824986.0
