tempo_seg,custo
0.00020460946655273437,912244.0
15.86409616470337,800051.0
112.30664587020874,799921.0
163.37827682495117,799618.0
194.04567217826843,799062.0
438.07488560676575,798919.0
466.913537979126,798822.0
862.0743222236633,798600.0
1473.8991072177887,798545.0
