tempo_seg,custo
0.00019268853759765625,355065.0
1.361598014831543,329245.0
