tempo_seg,custo
0.00017337663269042968,362896.0
1.1584453582763672,339270.0
