tempo_seg,custo
0.00011424882507324218,359348.0
1.1668064594268799,324646.0
