tempo_seg,custo
0.00011663301086425781,357327.0
1.0827040672302246,332401.0
