tempo_seg,custo
0.00011401040649414062,359682.0
1.0052783489227295,333850.0
