tempo_seg,custo
0.00016956193542480468,353542.0
1.42610502243042,325653.0
