tempo_seg,custo
0.0005283818969726563,365186.0
0.9965991973876953,332641.0
