tempo_seg,custo
0.00011591775512695312,370417.0
0.8348028659820557,345094.0
