tempo_seg,custo
0.00011520249938964843,345696.0
0.9919347763061523,311392.0
