tempo_seg,custo
0.00017123086547851562,358959.0
1.5513830184936523,331303.0
