tempo_seg,custo
0.00010256631469726562,184478.0
0.23266935348510742,162067.0
8.883129358291626,161972.0
