tempo_seg,custo
6.656510925292968e-05,209992.0
0.1552572250366211,185164.0
0.29715991020202637,185043.0
0.5873661041259766,185037.0
1.0790512561798096,184963.0
3.3964879512786865,184869.0
15.674484252929688,184855.0
