tempo_seg,custo
6.537301635742187e-05,201287.0
0.16788625717163086,177559.0
0.5100326538085938,176873.0
0.8396949768066406,176783.0
3.3992505073547363,176701.0
30.406904458999634,176672.0
