tempo_seg,custo
0.00010256631469726562,180370.0
0.2440793514251709,154904.0
4.1147260665893555,154831.0
