tempo_seg,custo
6.513459777832031e-05,181489.0
0.12621402740478516,159765.0
2.400322198867798,159520.0
