tempo_seg,custo
6.465776062011718e-05,210407.0
0.1646897792816162,190491.0
1.2019908428192139,190293.0
1.6914775371551514,189833.0
