tempo_seg,custo
6.608827209472656e-05,190784.0
0.18782496452331543,170183.0
