tempo_seg,custo
6.513459777832031e-05,190353.0
0.1617288589477539,170493.0
4.639300346374512,170240.0
