tempo_seg,custo
9.946687316894531e-05,176242.0
0.1828153133392334,152887.0
0.433840274810791,152511.0
0.8688199520111084,152510.0
