tempo_seg,custo
0.00010137422180175781,194900.0
0.2747352123260498,173892.0
4.62949538230896,173499.0
6.772655487060547,173350.0
