tempo_seg,custo
0.00011520249938964843,389137.0
0.8237955570220947,365829.0
2.485955238342285,365652.0
