tempo_seg,custo
0.00011687142944335937,352241.0
0.7891645431518555,325057.0
1.6278767585754395,324965.0
2.760050058364868,324470.0
17.269611597061157,324443.0
