tempo_seg,custo
0.00017218453979492187,376712.0
1.2998886108398438,344595.0
5.248865127563477,344494.0
