tempo_seg,custo
0.0001738534698486328,372124.0
1.121748685836792,341808.0
2.2562215328216553,340960.0
