tempo_seg,custo
0.00011520249938964843,382453.0
0.6951854228973389,356083.0
3.5017402172088623,356064.0
7.1281633377075195,356019.0
