tempo_seg,custo
0.00011639459228515625,348616.0
0.8356401920318604,323116.0
10.932516098022461,322907.0
12.456127882003784,322735.0
39.736029386520386,322698.0
