tempo_seg,custo
0.00012545449829101562,369560.0
1.0955595970153809,340873.0
2.0624918937683105,340771.0
