tempo_seg,custo
0.00011782510375976562,358068.0
0.8317000865936279,332909.0
1.5854060649871826,332090.0
3.112215042114258,331662.0
3.8584296703338623,331411.0
10.56534194946289,331263.0
17.511359453201294,330843.0
