tempo_seg,custo
4.320008850097656e-05,83282.0
0.013647794723510742,79317.0
0.028072834014892578,79284.0
0.0416259765625,79218.0
