tempo_seg,custo
6.847245788574218e-05,100155.0
0.023792266845703125,94917.0
0.09955453872680664,94361.0
