tempo_seg,custo
6.441934204101562e-05,98910.0
0.026009321212768555,92622.0
0.1337568759918213,91743.0
