tempo_seg,custo
4.320008850097656e-05,95800.0
0.013778209686279297,91337.0
0.028046607971191406,91319.0
