tempo_seg,custo
4.415376281738281e-05,86306.0
0.017963886260986328,79825.0
