tempo_seg,custo
4.224641418457031e-05,106447.0
0.0153961181640625,99862.0
