tempo_seg,custo
0.00027994973754882815,899745.0
8.082496643066406,857583.0
