tempo_seg,custo
0.0003920064697265625,903585.0
12.05154299736023,867131.0
