tempo_seg,custo
0.0002727971801757813,902221.0
8.21993112564087,867752.0
