tempo_seg,custo
0.0003915296325683594,898122.0
12.317290544509888,860341.0
