tempo_seg,custo
0.0002732740173339844,902826.0
10.059095621109009,861605.0
