tempo_seg,custo
0.0002842412719726563,903486.0
9.205717086791992,865161.0
