tempo_seg,custo
0.0002801881561279297,897956.0
9.827658414840698,860522.0
