tempo_seg,custo
0.0002766118774414063,901180.0
8.178433895111084,862227.0
