tempo_seg,custo
0.00029449327087402346,915345.0
8.044872283935547,877734.0
