tempo_seg,custo
4.200799560546875e-05,85544.0
0.02624225616455078,75520.0
