tempo_seg,custo
4.248483276367187e-05,91003.0
0.02055501937866211,79547.0
