tempo_seg,custo
4.200799560546875e-05,91119.0
0.023326635360717773,81725.0
0.07151198387145996,81517.0
