tempo_seg,custo
6.608827209472656e-05,88227.0
0.029426097869873047,79640.0
0.08622002601623535,79595.0
0.14190959930419922,79475.0
