tempo_seg,custo
4.200799560546875e-05,90514.0
0.02421712875366211,81372.0
0.04751014709472656,81095.0
