tempo_seg,custo
4.320008850097656e-05,92997.0
0.025975465774536133,78705.0
