tempo_seg,custo
4.200799560546875e-05,84763.0
0.02462601661682129,76979.0
0.06857562065124512,76955.0
