tempo_seg,custo
4.320008850097656e-05,91772.0
0.02228403091430664,81600.0
