tempo_seg,custo
6.608827209472656e-05,87206.0
0.03481292724609375,75569.0
