tempo_seg,custo
0.0023735032806396486,86190.0
0.0363764762878418,76760.0
0.05936074256896973,76717.0
