tempo_seg,custo
4.224641418457031e-05,89835.0
0.018512964248657227,81000.0
