tempo_seg,custo
4.343850708007812e-05,92854.0
0.014117240905761719,83770.0
