tempo_seg,custo
4.224641418457031e-05,80609.0
0.016500234603881836,76546.0
