tempo_seg,custo
4.200799560546875e-05,84799.0
0.015521764755249023,78464.0
