tempo_seg,custo
4.963739013671875e-05,92951.0
0.01681232452392578,86412.0
