tempo_seg,custo
6.704194641113281e-05,85591.0
0.02821969985961914,79324.0
