tempo_seg,custo
4.2961669921875e-05,86517.0
0.013290882110595703,80575.0
