tempo_seg,custo
6.608827209472656e-05,90537.0
0.031229257583618164,81697.0
