tempo_seg,custo
4.224641418457031e-05,89661.0
0.017056703567504883,84033.0
