tempo_seg,custo
4.2961669921875e-05,91618.0
0.019619226455688477,85333.0
