tempo_seg,custo
0.0001707540283203125,354541.0
1.5471343994140625,309354.0
3.0403168201446533,309270.0
10.617725372314453,309111.0
19.528894901275635,308639.0
