tempo_seg,custo
0.00017862184143066406,350184.0
2.008457660675049,304078.0
