tempo_seg,custo
0.00017242295837402343,370969.0
1.8287403583526611,322757.0
3.796778440475464,322662.0
