tempo_seg,custo
0.00011377198791503906,354889.0
1.3061318397521973,315272.0
2.7081358432769775,314379.0
5.560517311096191,314180.0
