tempo_seg,custo
0.00012402398681640625,361956.0
1.409376859664917,320362.0
2.7382419109344482,319818.0
15.103182554244995,319804.0
