tempo_seg,custo
0.00011687142944335937,366210.0
1.4439983367919922,314719.0
28.298844814300537,314566.0
70.37332534790039,314246.0
