tempo_seg,custo
0.0001230703125,367160.0
1.606022596359253,321927.0
3.1368088722229004,321690.0
