tempo_seg,custo
0.00011472566223144531,352154.0
1.4311375617980957,305831.0
