tempo_seg,custo
0.00011424882507324218,353801.0
1.4776079654693604,308085.0
2.98787260055542,308072.0
