tempo_seg,custo
0.00012068612670898437,363844.0
1.3857901096343994,313347.0
5.847892761230469,313335.0
7.4704084396362305,313173.0
8.993858098983765,313161.0
17.44761562347412,313103.0
197.63778162002563,313059.0
